id,product_name
1,aa semporna menthol
2,aa semporna merah
3,adipati club creamy
4,airlangga cigarillos
5,alastu blokosutho skt 12
6,alastu caffetin skt 12
7,alat linting 3 berlian
8,alat linting akrilik bening
9,alat linting becak
10,alat linting element 80mm
11,alat linting kain
12,alat linting maestro mild
13,aa semporna menthol
14,aa semporna merah
15,adipati club creamy
16,airlangga cigarillos
17,alastu blokosutho skt 12
18,alastu caffetin skt 12
19,alat linting 3 berlian
20,alat linting akrilik bening
21,alat linting becak
22,alat linting element 80mm
23,alat linting kain
24,alat linting maestro mild
25,aa semporna menthol
26,aa semporna merah
27,adipati club creamy
28,airlangga cigarillos
29,alastu blokosutho skt 12
30,alastu caffetin skt 12
31,alat linting 3 berlian
32,alat linting akrilik bening
33,alat linting becak
34,alat linting element 80mm
35,alat linting kain
36,alat linting maestro mild
37,aa semporna menthol
38,aa semporna merah
39,adipati club creamy
40,airlangga cigarillos
41,alastu blokosutho skt 12
42,alastu caffetin skt 12
43,alat linting 3 berlian
44,alat linting akrilik bening
45,alat linting becak
46,alat linting element 80mm
47,alat linting kain
48,alat linting maestro mild
49,aa semporna menthol
50,aa semporna merah
51,adipati club creamy
52,airlangga cigarillos
53,alastu blokosutho skt 12
54,alastu caffetin skt 12
55,alat linting 3 berlian
56,alat linting akrilik bening
57,alat linting becak
58,alat linting element 80mm
59,alat linting kain
60,alat linting maestro mild
61,aa semporna menthol
62,aa semporna merah
63,adipati club creamy
64,airlangga cigarillos
65,alastu blokosutho skt 12
66,alastu caffetin skt 12
67,alat linting 3 berlian
68,alat linting akrilik bening
69,alat linting becak
70,alat linting element 80mm
71,alat linting kain
72,alat linting maestro mild
73,aa semporna menthol
74,aa semporna merah
75,adipati club creamy
76,airlangga cigarillos
77,alastu blokosutho skt 12
78,alastu caffetin skt 12
79,alat linting 3 berlian
80,alat linting akrilik bening
81,alat linting becak
82,alat linting element 80mm
83,alat linting kain
84,alat linting maestro mild
85,aa semporna menthol
86,aa semporna merah
87,adipati club creamy
88,airlangga cigarillos
89,alastu blokosutho skt 12
90,alastu caffetin skt 12
91,alat linting 3 berlian
92,alat linting akrilik bening
93,alat linting becak
94,alat linting element 80mm
95,alat linting kain
96,alat linting maestro mild
97,alastu caffetin skt 12
98,alat linting 3 berlian
99,alat linting akrilik bening
100,alat linting becak
101,alat linting element 80mm
102,alat linting kain
103,alat linting maestro mild
104,alat linting maestro reguler
105,alat linting non merk 1 1 4
106,alat linting raw 79mm
107,alat linting raw 79mm 2 way roller
108,alat linting roll box mascotte
109,alastu caffetin skt 12
110,alat linting 3 berlian
111,alat linting akrilik bening
112,alat linting becak
113,alat linting element 80mm
114,alat linting kain
115,alat linting maestro mild
116,alat linting maestro reguler
117,alat linting non merk 1 1 4
118,alat linting raw 79mm
119,alat linting raw 79mm 2 way roller
120,alat linting roll box mascotte
